"z,y,force"
-0.16713188564450251,62.132711797658565,0
-1.805096450925526,50.092458347627236,0
-7.954470231758286,34.281896795301726,0
-21.9238763066757,16.64652513156562,0
-45.57640982623961,-0.793456155985174,0
-76.57410768328005,-16.343119284492513,0
-108.12326159533679,-29.04498891930018,0
-122.66094582109638,-35.218340318650725,0
-127.58836017952906,-37.498422322080735,0
-127.27673590638719,-36.15418644848722,0
-124.27104960781952,-31.59392619040966,0
-120.02331141799455,-24.51905161137368,0
-114.60062461697535,-15.802766106027338,0
-107.6594627149089,-6.38687162458384,0
-99.41107556255731,2.8153782495642883,0
-90.50837430461155,11.004897691611966,0
-81.65600448449352,17.549103194828476,0
-73.26152843063943,22.007884651633127,0
-65.37069626076358,24.14811479550198,0
-57.84933818936194,23.94949438848083,0
-50.62619506843169,21.59564870443867,0
-43.84090139545168,17.448534665044377,0
-37.82920998087389,12.00975247370152,0
-32.97209295075878,5.871745201927475,0
-29.510269234170618,-0.3403927631122751,0
-27.43210191111498,-6.033080263185259,0
-26.4813692420076,-10.704646712369017,0
-26.261515950437786,-13.991979069120134,0
-26.377773001245576,-15.696500799836791,0
-26.556739700487324,-15.78845744907254,0
-26.703769928091734,-14.393422554648739,0
-26.88926007697603,-11.766134353890113,0
-27.281272163123013,-8.25579981110211,0
-28.056359518852883,-4.265930792558676,0
-29.322583376565987,-0.21177124685232154,0
-31.079960544924607,3.520776201629201,0
-33.22707745265175,6.610145754837202,0
-35.604266749414634,8.824233829787058,0
-38.05089484954472,10.03398344679946,0
-40.452387003682546,10.215248249658615,0
-42.76137334654477,9.440640285047486,0
-44.99090404075652,7.863667140988843,0
-47.18847617404048,5.697437445167108,0
-49.40424155394963,3.190118454105037,0
-51.665745921779376,0.5993840755735684,0
-53.96684643622863,-1.8318357290730523,0
-56.27193008727669,-3.896075335976907,0
-58.5305786625784,-5.436933001295021,0
-60.69479978362914,-6.358692890570109,0
-62.731786655453924,-6.629587804056859,0
-64.62869480634295,-6.279092829920535,0
-66.38986465148206,-5.390051624158492,0
-68.02947203298805,-4.086771522172047,0
-69.56327912366513,-2.520447531540418,0
-71.00242279613374,-0.8534149342663374,0
-72.35070997309504,0.7562944088063022,0
-73.60532782602328,2.168730177554829,0
-74.75973432438879,3.2730012505355335,0
-75.80707941921227,3.9947997829313353,0
-76.7428127605258,4.300074958482252,0
-77.5658371331063,4.194825534329255,0
-78.27827606873521,3.7213424219150655,0
-78.88436728987277,2.9515174383576386,0
-79.38910599399593,1.9780447268728716,0
-79.79713146508918,0.9044643856287367,0
-80.11211328354618,-0.1649720443271527,0
-80.26495719485393,-1.1346867524782143,0
-80.32447213372825,-1.9256491711341164,0
-80.30055136379629,-2.481111596309127,0
-80.19502236244516,-2.7699524004418343,0
-80.01033065763785,-2.787441307241487,0
-79.74975080643577,-2.553571591703868,0
-79.41736309373142,-2.1093032885069083,0
-79.01781537166202,-1.511221225598005,0
-78.5559418998308,-0.8252147692943942,0
-78.03635048049098,-0.11982587792108154,0
-77.46310068398684,0.5401100974597297,0
-76.8395690050131,1.0989828155964034,0
-76.16853516495085,1.5146521469284708,0
-75.45244742907168,1.7611581779703944,0
-74.69376284651491,1.8297707044987261,0
-73.89523406156341,1.7284126352682598,0
-73.06003763399694,1.479637179840095,0
-72.19170081538712,1.1174536178998944,0
-71.29386083795119,0.6833759126746835,0
-70.36995367593711,0.22210832346520823,0
-69.42295404881024,-0.22271762593041847,0
-68.45526614522115,-0.6123739503248882,0
-67.46880495560355,-0.9161326193911782,0
-66.46523538075901,-1.1134060276333866,0
-65.44627876806639,-1.1948106796438829,0
-64.41397527556927,-1.162140856909115,0
-63.370811350883656,-1.0273380945697788,0
-62.319674258741365,-0.8106261151360551,0
-61.26365860084335,-0.5380430089826379,0
-60.20579945531457,-0.23863903110451426,0
-59.14882599717913,0.05838187951951145,0
-58.095013584642885,0.3263146994720715,0
-57.046170031242816,0.5431762142045908,0
-56.00374099198178,0.6933294277502959,0
-54.968979477280165,0.7684094235467005,0
-53.94310906593745,0.7675203029266017,0
-52.927422366367054,0.6967393429842453,0
-51.923288203266836,0.5680256606015786,0
-50.93207899102605,0.3976774153833427,0
-49.95505910257459,0.2045118444197767,0
-48.99328586762383,0.007954922554098657,0
-48.04756514392871,-0.1737780542767333,0
-47.11847899683588,-0.3252531690124875,0
-46.206474379828144,-0.43501439945357956,0
-45.311979815894425,-0.49632440270376477,0
-44.43550916807711,-0.5074159383642318,0
-43.57771901820687,-0.4712677953529543,0
-42.73940461861956,-0.3949618262769558,0
-41.92144108789987,-0.2887120556646237,0
-41.12469351322591,-0.1646802514486416,0
-40.349926833465396,-0.035703473352615075,0
-39.59774310977772,0.0859421952076702,0
-38.8685572927133,0.18963024627736463,0
-38.16261154827001,0.26723531593263905,0
-37.48001513500101,0.313687137947552,0
-36.8207909314288,0.32719854136407867,0
-36.18491172743255,0.3091715803113751,0
-35.572317037340405,0.2638154565531167,0
-34.98291080584479,0.19753407525123354,0
-34.41654814784496,0.11815802995853344,0
-33.87302261538701,0.034104520543913046,0
-33.352063827545095,-0.04645102019181765,0
-32.85334995040907,-0.11631537546100644,0
-32.37653295431863,-0.16986795753167855,0
-31.921269388876215,-0.2034579122589708,0
-31.487247348678583,-0.2155860887806457,0
-31.07420175151326,-0.2068718831963336,0
-30.6819141099416,-0.17982510068066637,0
-30.310197939240116,-0.13845965049335368,0
-29.958875014183942,-0.08779779280633737,0
-29.627749621787626,-0.033320047462150545,0
-29.31658742021353,0.019583416226350205,0
-29.025103057439953,0.06610868221455526,0
-28.752957441703362,0.10243909911944399,0
-28.499762694186547,0.12602150250668587,0
-28.265091217189074,0.1357018619136879,0
-28.04848525779185,0.13171902615978276,0
-27.849464533023816,0.11556865782339233,0
-27.667531224078513,0.08976064429283877,0
-27.502173187621196,0.05750137578418673,0
-27.352867024334934,0.022336779455245946,0
-27.219082512686196,-0.012207237655627685,0
-27.100289058686027,-0.04295302533213792,0
-26.995963673355124,-0.06733989972798257,0
-26.905599057410353,-0.08361301039431342,0
-26.82870999709564,-0.09092120691355517,0
-26.764836559485868,-0.089322205005255,0
-26.713543373396348,-0.0797021942773872,0
-26.674415282150612,-0.06362447404341062,0
-26.64705051238111,-0.04312716357275706,0
-26.631052964405256,-0.020493158244387914,0
-26.626025204304693,0.0019838079133803832,0
-26.631563305689397,0.022214742957494517,0
-26.6472540473065,0.038493937623388395,0
-26.672674350371768,0.04962680770551451,0
-26.707392416178468,0.05499926973654491,0
-26.750969878665487,0.05458700950627904,0
-26.80296438813599,0.04890877379920786,0
-26.862932283831114,0.038932717472140735,0
-26.930431262566888,0.025948483493110644,0
-27.005023103475633,0.011419846156268983,0
-27.08627652081718,-0.0031666693885031606,0
-27.173770109620584,-0.016442688074295858,0
-27.26709519104695,-0.02727609556813426,0
-27.36585823766605,-0.034857209973612066,0
-27.469682525407766,-0.03874762007094636,0
-27.578208740029936,-0.03889024035528291,0
-27.69109443858833,-0.03558288296013521,0
-27.808012476396566,-0.029420866567569166,0
-27.92864869413696,-0.021216615624298593,0
-28.052699268374315,-0.011905688029251274,0
-28.17986814016998,-0.0024491468485798367,0
-28.309864860560886,0.006258298197916925,0
-28.442403061704304,0.01346628336376129,0
-28.577199621108583,0.018626795768401923,0
-28.713974470518423,0.021428448688155632,0
-28.85245093156044,0.021805814483620723,0
-28.99235643882003,0.019925031880052742,0
-29.13342352395038,0.016149015821887273,0
-29.275390961083776,0.010987221496661412,0
-29.418004995708827,0.0050359391579002126,0
-29.56102058634818,-0.001084522025064956,0
-29.704202581478366,-0.006789646017570941,0
-29.847326742085773,-0.0115821953961106,0
-29.99018051507296,-0.015091269687684207,0
-30.13256347396614,-0.017096337256989166,0
-30.274287374183,-0.01753525867681751,0
-30.4151758162135,-0.016496892412304984,0
-30.555063561524307,-0.014200259488394394,0
-30.69379559091823,-0.010963329339570723,0
-30.831226023551785,-0.007165198510455415,0
-30.96721702180355,-0.0032057329138965845,0
-31.101637793508853,0.0005333603337884242,0
-31.234363774401434,0.0037225302073424244,0
-31.365276038115816,0.006110698196118101,0
-31.494260946799013,0.007542087801254229,0
-31.621210027924903,0.007962793752598792,0
-31.74602004466393,0.007417335661728012,0
-31.868593217470195,0.0060363509430019485,0
-31.988837550897987,0.004017308545919735,0
-32.1066672191937,0.0016006162632380516,0
-32.222002964946,-0.0009562757514890764,0
-32.33477246647828,-0.003404203554476432,0
-32.444910632466375,-0.005524745406517471,0
-32.55235978776025,-0.0071479591558470165,0
-32.657069723573365,-0.008164146634486192,0
-32.75899759808549,-0.008529049399727092,0
-32.85810768887418,-0.008262539217127897,0
-32.95437101427087,-0.007441464959287358,0
-33.04776485419801,-0.006187804683412923,0
-33.1382722101028,-0.004653611662528375,0
-33.22588124701388,-0.0030044168184182683,0
-33.31058475844076,-0.0014027550983839263,0
-33.39237968782782,6.666581672381883e-06,0
-33.47126673027867,0.0011089203428475,0
-33.547250027190024,0.0018270577285919285,0
-33.62033695592251,0.002126109690892297,0
-33.69053800779121,0.0020128630277338076,0
-33.75786674097663,0.0015317835039508959,0
-33.82233979045332,0.0007577823462172287,0
-33.883976914464796,-0.00021324234259911478,0
-33.94280105615477,-0.0012750286057398267,0
-33.99883839950546,-0.002321657292337591,0
-34.0521184006572,-0.0032573431834122214,0
-34.10267377895572,-0.004004478836224508,0
-34.15054045658278,-0.004509330014000611,0
-34.195757441092326,-0.004745048793264241,0
-34.238366651110645,-0.00471194650680792,0
-34.27841269122666,-0.004435227295781425,0
-34.3159425870171,-0.0039606017075368045,0
-34.351005494640276,-0.0033483615424427797,0
-34.383652401129474,-0.0026665917446132194,0
-34.41393583134346,-0.001984219336395517,0
-34.4419095756846,-0.0013645567823282476,0
-34.46762844958501,-0.0008598971927263483,0
-34.49114809190538,-0.0005075754262729061,0
-34.51252480531445,-0.00032773927198918954,0
-34.531815437862505,-0.00032289639682311796,0
-34.54907730165577,-0.0004791328698161254,0
-34.564368121974965,-0.0007687528337345159,0
-34.577746008454035,-0.0011539778823391946,0
-34.58926943906223,-0.0015912762935763737,0
-34.598997247586716,-0.0020358692930382157,0
-34.6069886060344,-0.0024459823677071206,0
-34.613302994768084,-0.0027864687833666765,0
-34.61800015513065,-0.003031521257325794,0
-34.62114002161537,-0.0031662955413104795,0
-34.62278263309222,-0.0031873849342952845,0
-34.62298802495971,-0.0031021961860055376,0
-34.62181610612441,-0.0029273748641072445,0
-34.619326526222125,-0.002686504138832867,0
-34.615578539355184,-0.002407349845941011,0
-34.61063087078679,-0.00211894430819996,0
-34.604541592544976,-0.00184879231450706,0
-34.597368012858524,-0.001620448071104565,0
-34.5891665829359,-0.001451657147214691,0
-34.579992822987414,-0.0013531891706324085,0
-34.56990126775789,-0.0013284127157486166,0
-34.55894543033601,-0.0013735908461588965,0
-34.54717778175588,-0.0014788107769001487,0
-34.534649742987774,-0.0016294094732093771,0
-34.52141168537193,-0.0018077223929730429,0
-34.507512935392995,-0.0019949668175748203,0
-34.49300177990382,-0.002173074215445897,0
-34.47792546844199,-0.002326306028077502,0
-34.462330210072594,-0.0024425209224020307,0
-34.44626116315205,-0.0025140046743965215,0
-34.429762417442525,-0.0025378216651375397,0
-34.41287696901385,-0.002515694666877701,0
-34.39564668925699,-0.002453462763224289,0
-34.37811229001968,-0.0023602022554131174,0
-34.36031328731033,-0.0022471196805337965,0
-34.34228796617429,-0.0021263382376375964,0
-34.324073349235825,-0.0020096988481232516,0
-34.305705171052,-0.0019076857772852827,0
-34.287217859897346,-0.0018285661821459442,0
-34.2686445279571,-0.0017778057916522808,0
-34.25001697022384,-0.0017577922271281138,0
-34.231365671734984,-0.0017678663691444896,0
-34.21271982221496,-0.001804633587824809,0
-34.19410733673931,-0.0018625030213039696,0
-34.17555488074833,-0.0019343861961011247,0
-34.157087897616144,-0.002012477146853701,0
-34.13873063702549,-0.0020890350225497853,0
-34.12050618259112,-0.002157096417572896,0
-34.10243647748769,-0.002211057150553526,0
-34.084542347234205,-0.0022470802636075458,0
-34.06684351922401,-0.0022633066739085874,0
-34.0493586390244,-0.002259865141805489,0
-34.03210528386179,-0.0022386971017918883,0
-34.015099974024714,-0.002203227794327646,0
-33.99835818313249,-0.0021579268093328543,0
-33.98189434832021,-0.002107807869611917,0
-33.96572188138046,-0.002057919227952473,0
-33.9498531817887,-0.0020128727060363533,0
-33.934299652342936,-0.0019764518780520293,0
-33.919071717894404,-0.0019513292377800369,0
-33.904178847363696,-0.0019389096314859535,0
-33.889629578955336,-0.001939304110036598,0
-33.875431548228654,-0.0019514259169412596,0
-33.8615915184762,-0.001973189681256912,0
-33.84811541271673,-0.0020017868663254144,0
-33.835008346537315,-0.0020340056650536434,0
-33.82227466101823,-0.0020665620215999914,0
-33.80991795503953,-0.00209641016315683,0
-33.7979411163896,-0.0021210055221285943,0
-33.786346351256014,-0.002138499572051203,0
-33.7751352118629,-0.0021478540976544993,0
-33.764308622204894,-0.0021488709175333997,0
-33.75386690200132,-0.0021421412474966037,0
-33.743809789138204,-0.002128926002893407,0
-33.73413646097025,-0.0021109838164507775,0
-33.724845554913365,-0.002090367020174995,0
-33.7159351887687,-0.0020692071483259327,0
-33.707402981185176,-0.0020495107196487113,0
-33.699246072595614,-0.0020329833981225544,0
-33.69146114686224,-0.002020896511915384,0
-33.68404445375211,-0.00201400483218128,0
-33.676991832244106,-0.0020125190266554586,0
-33.670298734557946,-0.0020161308502873003,0
-33.663960250702395,-0.002024084402004064,0
-33.657971133270856,-0.0020352830513401055,0
-33.65232582217356,-0.002048419183923648,0
-33.64701846898635,-0.0020621128540278732,0
-33.64204296061676,-0.002075045749439267,0
-33.637392942032804,-0.0020860784261345,0
-33.63306183786425,-0.0020943413121656687,0
-33.62904287276145,-0.0020992931945624984,0
-33.62532909047605,-0.002100744436468868,0
-33.62191337170328,-0.002098845670094506,0
-33.61878845079044,-0.0020940458526867677,0
-33.615946931465565,-0.0020870260954589225,0
-33.61338130177072,-0.0020786173960685803,0
-33.61108394839518,-0.002069711230117568,0
-33.609047170594685,-0.0020611718833537236,0
-33.60726319385784,-0.002053758514524327,0
-33.605724183442064,-0.002048063379142245,0
-33.60442225785489,-0.0020444706164041916,0
-33.603349502306685,-0.0020431377318096623,0
-33.60249798211305,-0.0020439996271184114,0
-33.6018597559831,-0.0020467929496940343,0
-33.60142688909808,-0.0020510968313962622,0
-33.60119146586425,-0.0020563848898412823,0
-33.601145602216434,-0.00206208274164244,0
-33.601281457353956,-0.002067625238776684,0
-33.60159124480634,-0.0020725081409749013,0
-33.602067242751225,-0.0020763298880278848,0
-33.60270180353741,-0.0020788204109577035,0
-33.603487362398916,-0.00207985537518042,0
-33.604416445378256,-0.0020794557324374007,0
-33.60548167650587,-0.002077773831330086,0
-33.606675784305125,-0.002075068480469114,0
-33.60799160770784,-0.0020716721862203222,0
-33.609422101471566,-0.002067954247992242,0
-33.610960341188935,-0.002064283475386179,0
-33.61259952797037,-0.0020609940169940624,0
-33.6143329928666,-0.0020583572149263873,0
-33.616154201078864,-0.002056561600464552,0
-33.61805675598349,-0.002055702216995843,0
-33.62003440297751,-0.0020557794935495105,0
-33.622081033132616,-0.002056706987895235,0
-33.624190686630584,-0.0020583265513764784,0
-33.62635755594237,-0.0020604288982482228,0
-33.62857598870872,-0.0020627772268565544,0
-33.63084049028012,-0.002065131450406866,0
-33.63314572587929,-0.00206727073940562,0
-33.6354865223586,-0.0020690124234943883,0
-33.637857869536845,-0.002070225798701857,0
-33.64025492111317,-0.002070839978334596,0
-33.64267299516939,-0.002070845549151903,0
-33.64510757428469,-0.0020702903887231125,0
-33.64755430529613,-0.0020692705122215866,0
-33.65000899874635,-0.0020679172065772946,0
-33.652467628062645,-0.00206638195083503,0
-33.654926328512744,-0.0020648207036352106,0
-33.65738139597884,-0.002063379067403374,0
-33.65982928558615,-0.002062179633339061,0
-33.66226661021451,-0.0020613125017334716,0
-33.664690138912775,-0.0020608295957938844,0
-33.66709679522683,-0.002060742984416371,0
-33.66948365544366,-0.0020610270397554407,0
-33.67184794674707,-0.0020616239140469287,0
-33.674187045275346,-0.0020624515546517155,0
-33.67649847406837,-0.0020634133050850293,0
-33.678779900890795,-0.002064408071004153,0
-33.68102913591944,-0.002065340061703082,0
-33.68324412928611,-0.0020661272384211826,0
-33.685422968471755,-0.0020667077921769283,0
-33.687563875552925,-0.002067044212322102,0
-33.68966520430714,-0.002067124766582687,0
-33.691725437189035,-0.002066962468198566,0
-33.693743182193295,-0.0020665918326449786,0
-33.695717169623784,-0.0020660639065719893,0
-33.69764624878991,-0.002065440172166178,0
-33.69952938465183,-0.002064785984839141,0
-33.701365654434866,-0.0020641641913241083,0
-33.703154244231364,-0.0020636295053083793,0
-33.704894445605,-0.00206322409999742,0
-33.70658565220893,-0.0020629747263462787,0
-33.70822735642514,-0.0020628914987881764,0
-33.709819146028686,-0.002062968323956313,0
-33.71136070087715,-0.002063184797514003,0
-33.71285178962324,-0.0020635092724167366,0
-33.71429226644654,-0.002063902717672911,0
-33.7156820678001,-0.0020643229446757807,0
-33.71702120916714,-0.0020647287788670018,0
-33.71830978182481,-0.002065083794287717,0
-33.71954794961293,-0.002065359300569068,0
-33.72073594570823,-0.002065536366784144,0
-33.72187406940619,-0.002065606773646951,0
-33.722962682915266,-0.0020655728938678694,0
-33.72400220816967,-0.002065446599908143,0
-33.724993123668604,-0.0020652473804268177,0
-33.72593596135039,-0.002064999905201084,0
-33.72683130351042,-0.002064731309738439,0
-33.727679779771364,-0.0020644684744947853,0
-33.72848206411314,-0.0020642355515053295,0
-33.72923887196908,-0.0020640519474973843,0
-33.72995095739279,-0.002063930913021373,0
-33.73061911029887,-0.002063878818629358,0
-33.7312441537787,-0.0020638951287413236,0
-33.731826941491036,-0.002063973018251702,0
-33.732368355126184,-0.002064100521831071,0
-33.73286930194115,-0.002064262065517926,0
-33.733330712363205,-0.002064440207104979,0
-33.73375353765888,-0.002064617406724701,0
-33.73413874766567,-0.0020647776609237383,0
-33.73448732858459,-0.002064907859886227,0
-33.73480028083206,-0.00206499876468474,0
-33.73507861695082,-0.0020650455451607834,0
-33.73532335958017,-0.0020650478646737306,0
-33.735535539486854,-0.0020650095411178615,0
-33.73571619365826,-0.0020649378504919683,0
-33.73586636346031,-0.002064842567009718,0
-33.73598709286223,-0.0020647348504470833,0
-33.73607942673059,-0.002064626096490004,0
-33.73614440919451,-0.002064526859758356,0
-33.73618308208343,-0.0020644459434229195,0
-33.736196483438334,-0.002064389726157596,0
-33.736185646096395,-0.0020643617693386603,0
-33.73615159634839,-0.002064362717880525,0
-33.736095352667704,-0.002064390479760902,0
-33.7360179245089,-0.0020644406446679504,0
-33.73592031117364,-0.0020645070832761947,0
-33.735803500741426,-0.002064582656713699,0
-33.73566846906249,-0.0020646599613541885,0
-33.7355161788104,-0.0020647320369472093,0
-33.73534757859189,-0.002064792975419038,0
-33.73516360211196,-0.002064838382042988,0
-33.73496516739263,-0.002064865658342553,0
-33.73475317604394,-0.002064874095144753,0
-33.734528512586316,-0.0020648647827626594,0
-33.73429204382376,-0.0020648403616740354,0
-33.73404461826721,-0.0020648046499363417,0
-33.73378706560802,-0.0020647621920314913,0
-33.73352019624106,-0.0020647177774466086,0
-33.73324480083718,-0.002064675976132152,0
-33.732961649964444,-0.0020646407325371303,0
-33.732671493757294,-0.002064615051059184,0
-33.732375061632695,-0.0020646007945681376,0
-33.732073062051825,-0.002064598605392809,0
-33.731766182325785,-0.0020646079460298282,0
-33.73145508846347,-0.0020646272459539047,0
-33.731140425059614,-0.002064654132187677,0
-33.73082281522099,-0.0020646857153572007,0
-33.73050286052853,-0.002064718900137467,0
-33.7301811410334,-0.002064750689286882,0
-33.72985821528501,-0.0020647784535968586,0
-33.729534620389096,-0.0020648001455196765,0
-33.72921087209432,-0.002064814441290256,0
-33.72888746490579,-0.0020648208042385,0
-33.72856487222434,-0.002064819469899311,0
-33.72824354651037,-0.0020648113607310676,0
-33.72792391947123,-0.002064797944140243,0
-33.727606402271434,-0.002064781051642193,0
-33.727291385764524,-0.0020647626791268484,0
-33.72697924074608,-0.0020647447883087727,0
-33.72667031822675,-0.002064729127680152,0
-33.7263649497245,-0.0020647170879700923,0
-33.726063447574965,-0.0020647096026792737,0
-33.72576610525888,-0.002064707099209141,0
-33.725473197745266,-0.002064709500957999,0
-33.725184981849296,-0.0020647162759984605,0
-33.72490169660333,-0.002064726523990558,0
-33.72462356363986,-0.00206473909012462,0
-33.72435078758509,-0.002064752693302194,0
-33.72408355646171,-0.0020647660554945317,0
-33.72382204209972,-0.002064778020182799,0
-33.723566400554176,-0.0020647876497915107,0
-33.72331677252865,-0.00206479429480468,0
-33.723073283803565,-0.002064797630481937,0
-33.72283604566853,-0.0020647976604327716,0
-33.7226051553578,-0.002064794689442206,0
-33.72238069648834,-0.0020647892705964776,0
-33.722162739499744,-0.0020647821337259928,0
-33.72195134209546,-0.0020647741033388207,0
-33.7217465496848,-0.0020647660145206395,0
-33.72154839582523,-0.0020647586347688563,0
-33.72135690266426,-0.00206475259852299,0
-33.7211720813806,-0.002064748359419741,0
-33.72099393262382,-0.002064746163243716,0
-33.72082244695202,-0.0020647460423807843,0
-33.720657605266915,-0.0020647478305203027,0
-33.720499379245666,-0.0020647511945772537,0
-33.720347731768896,-0.00206475567945727,0
-33.72020261734431,-0.002064760760456134,0
-33.72006398252531,-0.0020647658978055023,0
-33.719931766324095,-0.0020647705881287892,0
-33.71980590061874,-0.0020647744082883442,0
-33.719686310553904,-0.00206477704818237,0
-33.71957291493464,-0.0020647783303579786,0
-33.71946562661312,-0.002064778215705114,0
-33.719364352867906,-0.002064776795847644,0
-33.71926899577566,-0.0020647742740311148,0
-33.719179452574885,-0.002064770937225763,0
-33.71909561602185,-0.002064767122754594,0
-33.7190173747383,-0.0020647631829921235,0
-33.71894461355094,-0.002064759451566691,0
-33.718877213822644,-0.0020647562140776055,0
-33.718815053775195,-0.0020647536856719505,0
-33.71875800880345,-0.0020647519969968367,0
-33.7187059517809,-0.002064751189141354,0
-33.71865875335649,-0.002064751217298179,0
-33.718616282242536,-0.002064751962088142,0
-33.71857840549369,-0.0020647532468672457,0
-33.718544988776905,-0.002064754858918852,0
-33.71851589663224,-0.002064756572245866,0
-33.718490992724476,-0.0020647581697172688,0
-33.71847014008555,-0.002064759462567844,0
-33.71845320134769,-0.002064760305660081,0
-33.71844003896741,-0.002064760607441072,0
-33.71843051544024,-0.0020647603341070815,0
-33.718424493506404,-0.0020647595080658483,0
-33.71842183634735,-0.0020647582013081154,0
-33.71842240777351,-0.0020647565247218624,0
-33.718426072403034,-0.0020647546146740844,0
-33.718432695831986,-0.002064752618329406,0
-33.71844214479591,-0.002064750679171238,0
-33.718454287322984,-0.0020647489240518658,0
-33.7184689928789,-0.0020647474528469557,0
-33.71848613250362,-0.002064746331459964,0
-33.71850557894013,-0.00206474558854993,0
-33.71852720675533,-0.0020647452159800565,0
-33.7185508924532,-0.0020647451726395634,0
-33.71857651458042,-0.002064745391007013,0
-33.718603953824505,-0.0020647457856209105,0
-33.71863309310472,-0.0020647462625151673,0
-33.7186638176557,-0.002064746728664919,0
-33.71869601510426,-0.002064747100565784,0
-33.71872957553919,-0.0020647473112220894,0
-33.71876439157455,-0.0020647473150267803,0
-33.71880035840632,-0.0020647470902538,0
-33.71883737386285,-0.002064746639128117,0
-33.718875338449166,-0.0020647459856662207,0
-33.71891415538536,-0.0020647451716707186,0
-33.71895373063925,-0.002064744251402459,0
-33.71899397295349,-0.002064743285533175,0
-33.71903479386746,-0.002064742334998792,0
-33.719076107733926,-0.0020647414553317755,0
-33.7191178317309,-0.002064740691958916,0
-33.71915988586864,-0.0020647400768213837,0
-33.719202192992256,-0.002064739626521886,0
-33.71924467877986,-0.002064739342045324,0
-33.7192872717366,-0.002064739209949484,0
-33.719329903184736,-0.002064739204794576,0
-33.719372507249815,-0.0020647392924844103,0
-33.7194150208433,-0.002064739434134428,0
-33.71945738364166,-0.002064739590064548,0
-33.71949953806219,-0.002064739723536271,0
-33.71954142923568,-0.002064739803908495,0
-33.71958300497615,-0.002064739808967188,0
-33.71962421574769,-0.0020647397262808127,0
-33.7196650146288,-0.0020647395535359756,0
-33.71970535727413,-0.002064739297906055,0
-33.71974520187399,-0.0020647389745909656,0
-33.7197845091117,-0.0020647386047316987,0
-33.719823242118885,-0.0020647382129445556,0
-33.71986136642908,-0.0020647378247351136,0
-33.71989884992947,-0.0020647374640417235,0
-33.71993566281126,-0.002064737151125827,0
-33.71997177751856,-0.0020647369009762556,0
-33.72000716869602,-0.002064736722333358,0
-33.72004181313539,-0.0020647366173725374,0
-33.72007568972106,-0.002064736582022348,0
-33.72010877937466,-0.0020647366068355676,0
-33.720141064999055,-0.002064736678286972,0
-33.72017253142154,-0.0020647367803424293,0
-33.720203165336564,-0.0020647368961314787,0
-33.72023295524808,-0.0020647370095598027,0
-33.72026189141146,-0.0020647371067169834,0
-33.72028996577523,-0.0020647371769658587,0
-33.720317171922744,-0.002064737213638653,0
-33.72034350501366,-0.0020647372143076624,0
-33.72036896172561,-0.0020647371806404267,0
-33.72039354019594,-0.002064737117886989,0
-33.72041723996369,-0.00206473703407712,0
-33.72044006191182,-0.002064736939025812,0
-33.72046200820994,-0.002064736843255111,0
-33.72048308225734,-0.00206473675693919,0
-33.720503288626645,-0.0020647366889686054,0
-33.720522633007995,-0.0020647366462107864,0
-33.720541122153946,-0.0020647366330192045,0
-33.72055876382494,-0.0020647366510163686,0
-33.72057556673569,-0.002064736699148214,0
-33.72059154050223,-0.002064736773982607,0
-33.72060669558991,-0.0020647368702041715,0
-33.72062104326221,-0.0020647369812434326,0
-33.72063459553058,-0.0020647370999709157,0
-33.720647365105116,-0.00206473721938643,0
-33.72065936534632,-0.0020647373332400754,0
-33.72067061021789,-0.002064737436532963,0
-33.72068111424052,-0.0020647375258611017,0
-33.72069089244681,-0.0020647375995834732,0
-33.720699960337306,-0.002064737657813173,0
-33.72070833383757,-0.0020647377022469933,0
-33.720716029256494,-0.0020647377358625303,0
-33.720723063245735,-0.0020647377625218166,0
-33.7207294527603,-0.0020647377865259512,0
-33.720735215020376,-0.002064737812166062,0
-33.72074036747424,-0.002064737843312547,0
-33.720744927762546,-0.002064737883077546,0
-33.720748913683586,-0.0020647379335759428,0
-33.72075234316,-0.00206473799579898,0
-33.720755234206514,-0.0020647380696028955,0
-33.72075760489896,-0.002064738153804249,0
-33.72075947334446,-0.002064738246364252,0
-33.72076085765289,-0.002064738344637736,0
-33.72076177590941,-0.0020647384456583206,0
-33.72076224614824,-0.0020647385464303636,0
-33.72076228632765,-0.002064738644200037,0
-33.72076191430599,-0.0020647387366821185,0
-33.72076114781896,-0.0020647388222250866,0
-33.720760004458036,-0.002064738899904271,0
-33.720758501649854,-0.0020647389695403386,0
-33.72075665663689,-0.0020647390316475256,0
-33.72075448645909,-0.0020647390873221867,0
-33.72075200793666,-0.0020647391380869346,0
-33.72074923765382,-0.0020647391857083956,0
-33.72074619194363,-0.002064739232007726,0
-33.720742886873865,-0.002064739278682028,0
-33.72073933823381,-0.0020647393271522856,0
-33.720735561522055,-0.0020647393784498104,0
-33.720731571935275,-0.0020647394331484814,0
-33.720727384357836,-0.0020647394913453428,0
-33.72072301335246,-0.0020647395526873576,0
-33.720718473151585,-0.0020647396164380177,0
-33.7207137776497,-0.002064739681574371,0
-33.72070894039653,-0.002064739746902929,0
-33.72070397459088,-0.002064739811182175,0
-33.720698893075486,-0.002064739873239731,0
-33.72069370833235,-0.0020647399320737436,0
-33.72068843247906,-0.0020647399869304067,0
-33.72068307726567,-0.002064740037352339,0
-33.72067765407231,-0.002064740083195758,0
-33.72067217390742,-0.0020647401246173796,0
-33.720666647406645,-0.0020647401620347595,0
-33.720661084832365,-0.0020647401960659302,0
-33.720655496073746,-0.0020647402274556153,0
-33.72064989064736,-0.0020647402569959525,0
-33.72064427769842,-0.002064740285449561,0
-33.72063866600241,-0.0020647403134818267,0
-33.72063306396728,-0.002064740341607983,0
-33.72062747963609,-0.002064740370158626,0
-33.720621920690085,-0.0020647403992653545,0
-33.72061639445218,-0.002064740428866194,0
-33.72061090789084,-0.00206474045872869,0
-33.72060546762439,-0.0020647404884870406,0
-33.720600079925575,-0.00206474051768868,0
-33.720594750726555,-0.002064740545845189,0
-33.72058948562408,-0.002064740572482466,0
-33.72058428988512,-0.0020647405971855517,0
-33.720579168452595,-0.0020647406196343692,0
-33.720574125951444,-0.00206474063962783,0
-33.72056916669492,-0.0020647406570949893,0
-33.720564294691066,-0.0020647406720932997,0
-33.720559513649384,-0.002064740684795167,0
-33.72055482698766,-0.002064740695465008,0
-33.72055023783902,-0.002064740704429724,0
-33.72054574905903,-0.0020647407120458405,0
-33.720541363232925,-0.0020647407186666716,0
-33.72053708268305,-0.002064740724612495,0
-33.72053290947626,-0.0020647407301462874,0
-33.720528845431446,-0.0020647407354568133,0
-33.720524892127166,-0.0020647407406499765,0
-33.72052105090923,-0.0020647407457486137,0
-33.72051732289838,-0.0020647407507000163,0
-33.72051370899803,-0.0020647407553898356,0
-33.72051020990189,-0.0020647407596605816,0
-33.72050682610169,-0.0020647407633325844,0
-33.72050355789486,-0.0020647407662253026,0
-33.72050040539215,-0.002064740768176927,0
-33.7204973685253,-0.00206474076906065,0
-33.72049444705453,-0.0020647407687963033,0
-33.720491640576086,-0.002064740767356715,0
-33.72048894852969,-0.002064740764768592,0
-33.72048637020589,-0.0020647407611083103,0
-33.720483904753344,-0.0020647407564934202,0
-33.720481551186005,-0.002064740751070986,0
-33.72047930839027,-0.0020647407450041103,0
-33.72047717513189,-0.00206474073845806,0
-33.72047515006296,-0.0020647407315872697,0
-33.720473231728576,-0.0020647407245243943,0
-33.72047141857358,-0.002064740717372225,0
-33.72046970894904,-0.002064740710198999,0
-33.72046810111863,-0.0020647407030372537,0
-33.7204665932649,-0.0020647406958860374,0
-33.720465183495435,-0.002064740688715995,0
-33.72046386984878,-0.002064740681476609,0
-33.720462650300284,-0.0020647406741047666,0
-33.720461522767806,-0.0020647406665337295,0
-33.720460485117236,-0.0020647406587016408,0
-33.72045953516787,-0.0020647406505588466,0
-33.72045867069767,-0.0020647406420734047,0
-33.72045788944829,-0.002064740633234458,0
-33.72045718913004,-0.002064740624053299,0
-33.7204565674266,-0.0020647406145622494,0
-33.720456021999674,-0.0020647406048116155,0
-33.72045555049337,-0.0020647405948651712,0
-33.72045515053853,-0.002064740584794709,0
-33.72045481975684,-0.0020647405746742242,0
-33.7204545557648,-0.0020647405645743285,0
-33.72045435617753,-0.0020647405545573773,0
-33.72045421861241,-0.0020647405446736957,0
-33.720454140692596,-0.002064740534959182,0
-33.72045412005037,-0.002064740525434404,0
-33.720454154330305,-0.0020647405161051077,0
-33.720454241192314,-0.00206474050696401,0
-33.72045437831455,-0.002064740497993622,0
-33.72045456339613,-0.002064740489169697,0
-33.720454794159735,-0.0020647404804649996,0
-33.72045506835407,-0.0020647404718529723,0
-33.72045538375616,-0.002064740463310988,0
-33.720455738173534,-0.0020647404548229235,0
-33.72045612944627,-0.0020647404463808665,0
-33.720456555448834,-0.0020647404379858683,0
-33.720457014091956,-0.002064740429647764,0
-33.720457503324155,-0.0020647404213841305,0
-33.72045802113335,-0.0020647404132185824,0
-33.72045856554819,-0.0020647404051786005,0
-33.72045913463938,-0.00206474039729312,0
-33.72045972652077,-0.0020647403895901607,0
-33.720460339350495,-0.002064740382094685,0
-33.7204609713318,-0.002064740374826877,0
-33.72046162071394,-0.0020647403678009674,0
-33.72046228579289,-0.0020647403610246644,0
-33.72046296491196,-0.0020647403544992128,0
-33.72046365646231,-0.0020647403482199934,0
-33.7204643588834,-0.002064740342177596,0
-33.72046507066333,-0.0020647403363592146,0
-33.72046579033908,-0.002064740330750203,0
-33.72046651649667,-0.002064740325335653,0
-33.720467247771296,-0.0020647403201018285,0
-33.72046798284729,-0.0020647403150373467,0
-33.72046872045805,-0.0020647403101340177,0
-33.72046945938597,-0.0020647403053872947,0
-33.72047019846215,-0.0020647403007963195,0
-33.720470936566194,-0.0020647402963636027,0
-33.72047167262586,-0.002064740292094396,0
-33.72047240561665,-0.002064740287995833,0
-33.72047313456137,-0.0020647402840759483,0
-33.72047385852967,-0.0020647402803426872,0
-33.72047457663745,-0.0020647402768029684,0
-33.72047528804628,-0.0020647402734619074,0
-33.72047599196277,-0.002064740270322259,0
-33.72047668763788,-0.0020647402673841125,0
-33.720477374366205,-0.002064740264644828,0
-33.72047805148522,-0.0020647402620992436,0
-33.720478718374494,-0.0020647402597400682,0
-33.72047937445487,-0.002064740257558426,0
-33.720480019187605,-0.002064740255544515,0
-33.720480652073526,-0.002064740253688262,0
-33.720481272652115,-0.002064740251979952,0
-33.72048188050059,-0.002064740250410774,0
-33.72048247523299,-0.002064740248973213,0
-33.72048305649919,-0.0020647402476612962,0
-33.720483623983974,-0.0020647402464706627,0
-33.72048417740602,-0.0020647402453984817,0
-33.72048471651694,-0.0020647402444432324,0
-33.72048524110027,-0.0020647402436043552,0
-33.72048575097047,-0.0020647402428818763,0
-33.72048624597189,-0.0020647402422759834,0
-33.72048672597781,-0.0020647402417866187,0
-33.720487190889386,-0.0020647402414131375,0
-33.72048764063464,-0.002064740241154038,0
-33.720488075167474,-0.002064740241006814,0
-33.72048849446662,-0.0020647402409678934,0
-33.7204888985347,-0.0020647402410326923,0
-33.72048928739715,-0.0020647402411957546,0
-33.72048966110129,-0.0020647402414509706,0
-33.72049001971533,-0.0020647402417918385,0
-33.720490363327364,-0.0020647402422117427,0
-33.72049069204444,-0.0020647402427042185,0
-33.720491005991626,-0.0020647402432631993,0
-33.720491305311,-0.0020647402438831986,0
-33.720491590160805,-0.002064740244559441,0
-33.7204918607145,-0.0020647402452879018,0
-33.72049211715987,-0.0020647402460652964,0
-33.72049235969814,-0.0020647402468889973,0
-33.72049258854312,-0.0020647402477569172,0
-33.72049280392035,-0.0020647402486673365,0
-33.720493006066285,-0.002064740249618736,0
-33.72049319522747,-0.0020647402506096253,0
-33.72049337165975,-0.0020647402516383866,0
-33.720493535627504,-0.002064740252703147,0
-33.72049368740289,-0.002064740253801706,0
-33.72049382726511,-0.0020647402549314894,0
-33.72049395549967,-0.0020647402560895643,0
-33.72049407239774,-0.002064740257272684,0
-33.72049417825543,-0.0020647402584773643,0
-33.72049427337316,-0.0020647402596999935,0
-33.72049435805503,-0.00206474026093694,0
-33.7204944326082,-0.002064740262184673,0
-33.72049449734229,-0.0020647402634398656,0
-33.720494552568844,-0.0020647402646994674,0
-33.72049459860074,-0.0020647402659607727,0
-33.72049463575168,-0.002064740267221449,0
-33.72049466433571,-0.0020647402684795344,0
-33.720494684666676,-0.002064740269733411,0
-33.7204946970578,-0.002064740270981753,0
-33.72049470182124,-0.002064740272223471,0
-33.72049469926761,-0.002064740273457634,0
-33.72049468970566,-0.002064740274683386,0
-33.7204946734418,-0.0020647402758998913,0
-33.72049465077979,-0.0020647402771062666,0
-33.72049462202039,-0.00206474027830154,0
-33.72049458746102,-0.002064740279484633,0
-33.72049454739542,-0.002064740280654358,0
-33.720494502113446,-0.0020647402818094168,0
-33.72049445190069,-0.002064740282948449,0
-33.72049439703831,-0.002064740284070053,0
-33.72049433780275,-0.002064740285172844,0
-33.720494274465516,-0.0020647402862554974,0
-33.72049420729301,-0.0020647402873167882,0
-33.72049413654629,-0.0020647402883556287,0
-33.72049406248095,-0.0020647402893710968,0
-33.72049398534691,-0.0020647402903624444,0
-33.72049390538833,-0.002064740291329116,0
-33.720493822843444,-0.002064740292270721,0
-33.720493737944444,-0.00206474029318702,0
-33.720493650917426,-0.0020647402940779038,0
-33.72049356198224,-0.0020647402949433525,0
-33.720493471352476,-0.0020647402957834136,0
-33.72049337923538,-0.0020647402965981573,0
-33.72049328583179,-0.0020647402973876607,0
-33.720493191336146,-0.0020647402981519834,0
-33.720493095936384,-0.0020647402988911534,0
-33.72049299981401,-0.0020647402996051647,0
-33.72049290314405,-0.0020647403002939722,0
-33.720492806095045,-0.0020647403009575135,0
-33.72049270882911,-0.002064740301595706,0
-33.72049261150192,-0.0020647403022084733,0
-33.72049251426275,-0.00206474030279577,0
-33.72049241725453,-0.002064740303357589,0
-33.72049232061389,-0.0020647403038939758,0
-33.720492224471215,-0.002064740304405044,0
-33.72049212895069,-0.002064740304890985,0
-33.72049203417039,-0.0020647403053520694,0
-33.72049194024238,-0.0020647403057886394,0
-33.720491847272754,-0.002064740306201102,0
-33.72049175536173,-0.0020647403065899204,0
-33.72049166460376,-0.0020647403069556035,0
-33.720491575087635,-0.0020647403072986794,0
-33.72049148689656,-0.002064740307619694,0
-33.72049140010829,-0.0020647403079191934,0
-33.72049131479521,-0.0020647403081977167,0
-33.72049123102447,-0.002064740308455779,0
-33.7204911488581,-0.0020647403086938828,0
-33.72049106835313,-0.002064740308912502,0
-33.7204909895617,-0.0020647403091120925,0
-33.7204909125312,-0.0020647403092930966,0
-33.72049083730438,-0.002064740309455947,0
-33.720490763919514,-0.002064740309601079,0
-33.72049069241048,-0.0020647403097289302,0
-33.72049062280692,-0.0020647403098399564,0
-33.720490555134376,-0.002064740309934631,0
-33.720490489414416,-0.002064740310013452,0
-33.72049042566477,-0.002064740310076938,0
-33.72049036389944,-0.002064740310125624,0
-33.720490304128866,-0.0020647403101600693,0
-33.720490246360036,-0.002064740310180843,0
-33.72049019059665,-0.002064740310188527,0
-33.72049013683921,-0.0020647403101837014,0
-33.72049008508518,-0.0020647403101669466,0
-33.720490035329114,-0.0020647403101388324,0
-33.720489987562765,-0.0020647403100999147,0
-33.72048994177525,-0.002064740310050731,0
-33.720489897953144,-0.002064740309991802,0
-33.72048985608062,-0.0020647403099236274,0
-33.720489816139576,-0.002064740309846687,0
-33.720489778109744,-0.002064740309761441,0
-33.720489741968834,-0.002064740309668341,0
-33.72048970769262,-0.0020647403095678247,0
-33.72048967525509,-0.0020647403094603205,0
-33.72048964462852,-0.0020647403093462524,0
-33.720489615783634,-0.0020647403092260382,0
-33.72048958868969,-0.0020647403091000973,0
-33.720489563314565,-0.0020647403089688455,0
-33.720489539624914,-0.002064740308832697,0
-33.72048951758621,-0.002064740308692065,0
-33.72048949716289,-0.002064740308547357,0
-33.72048947831844,-0.002064740308398978,0
-33.7204894610155,-0.0020647403082473185,0
-33.72048944521589,-0.002064740308092766,0
-33.720489430880825,-0.0020647403079356954,0
-33.720489417970875,-0.00206474030777647,0
-33.72048940644614,-0.002064740307615432,0
-33.72048939626627,-0.002064740307452903,0
-33.720489387390565,-0.0020647403072891956,0
-33.72048937977808,-0.002064740307124604,0
-33.72048937338765,-0.0020647403069594095,0
-33.720489368178,-0.0020647403067938727,0
-33.72048936410778,-0.0020647403066282478,0
-33.72048936113564,-0.0020647403064627777,0
-33.72048935922034,-0.0020647403062976945,0
-33.7204893583207,-0.0020647403061332223,0
-33.72048935839576,-0.002064740305969567,0
-33.72048935940481,-0.002064740305806937,0
-33.72048936130741,-0.0020647403056455304,0
-33.720489364063454,-0.0020647403054855394,0
-33.72048936763323,-0.0020647403053271466,0
-33.72048937197746,-0.0020647403051705345,0
-33.720489377057305,-0.0020647403050158713,0
-33.72048938283447,-0.0020647403048633197,0
-33.720489389271194,-0.0020647403047130302,0
-33.72048939633028,-0.00206474030456514,0
-33.72048940397517,-0.002064740304419776,0
-33.72048941216992,-0.002064740304277059,0
-33.72048942087927,-0.0020647403041370973,0
-33.72048943006864,-0.0020647403039999873,0
-33.72048943970418,-0.0020647403038658156,0
-33.720489449752776,-0.002064740303734657,0
-33.720489460182065,-0.002064740303606581,0
-33.72048947096046,-0.0020647403034816493,0
-33.720489482057175,-0.0020647403033599125,0
-33.7204894934422,-0.0020647403032414157,0
-33.72048950508638,-0.0020647403031261932,0
-33.72048951696135,-0.00206474030301428,0
-33.7204895290396,-0.0020647403029057025,0
-33.72048954129443,-0.002064740302800492,0
-33.720489553700034,-0.002064740302698669,0
-33.7204895662314,-0.002064740302600249,0
-33.720489578864424,-0.002064740302505234,0
-33.7204895915758,-0.0020647403024136295,0
-33.72048960434312,-0.002064740302325437,0
-33.72048961714479,-0.0020647403022406503,0
-33.7204896299601,-0.002064740302159258,0
-33.72048964276913,-0.0020647403020812435,0
-33.72048965555285,-0.002064740302006586,0
-33.72048966829305,-0.0020647403019352596,0
-33.720489680972314,-0.0020647403018672307,0
-33.72048969357409,-0.00206474030180246,0
-33.72048970608259,-0.00206474030174091,0
-33.720489718482845,-0.002064740301682537,0
-33.720489730760676,-0.0020647403016272954,0
-33.72048974290267,-0.002064740301575139,0
-33.7204897548962,-0.002064740301526017,0
-33.72048976672934,-0.0020647403014798778,0
-33.720489778390956,-0.002064740301436665,0
-33.7204897898706,-0.002064740301396319,0
-33.72048980115856,-0.002064740301358783,0
-33.72048981224579,-0.002064740301323993,0
-33.72048982312395,-0.0020647403012918884,0
-33.72048983378536,-0.0020647403012624046,0
-33.72048984422296,-0.0020647403012354778,0
-33.72048985443035,-0.0020647403012110433,0
-33.72048986440172,-0.002064740301189036,0
-33.720489874131886,-0.002064740301169389,0
-33.720489883616224,-0.002064740301152035,0
-33.72048989285068,-0.002064740301136904,0
-33.72048990183174,-0.0020647403011239233,0
-33.720489910556424,-0.0020647403011130223,0
-33.72048991902227,-0.0020647403011041336,0
-33.720489927227284,-0.002064740301097187,0
-33.72048993516998,-0.0020647403010921116,0
-33.7204899428493,-0.0020647403010888377,0
-33.72048995026465,-0.0020647403010872947,0
-33.720489957415836,-0.0020647403010874126,0
-33.720489964303106,-0.002064740301089123,0
-33.72048997092704,-0.002064740301092357,0
-33.720489977288665,-0.002064740301097047,0
-33.72048998338929,-0.002064740301103123,0
-33.72048998923061,-0.0020647403011105204,0
-33.7204899948146,-0.002064740301119171,0
-33.72049000014359,-0.0020647403011290104,0
-33.72049000522016,-0.002064740301139973,0
-33.720490010047165,-0.002064740301151995,0
-33.72049001462773,-0.002064740301165018,0
-33.72049001896523,-0.002064740301178978,0
-33.72049002306325,-0.0020647403011938162,0
-33.72049002692558,-0.002064740301209474,0
-33.72049003055623,-0.002064740301225891,0
-33.72049003395936,-0.0020647403012430095,0
-33.720490037139335,-0.002064740301260772,0
-33.720490040100664,-0.002064740301279125,0
