{"count":1,"gauges":{},"self":25.4988672,"total":25.794902399999998,"children":{"AgentResetIfDone":{"count":1067,"self":0.0099289,"total":0.0099289,"children":null},"AgentSendState":{"count":1067,"self":0.0039645,"total":0.0079288,"children":{"CollectObservations":{"count":267,"self":0.0039643,"total":0.0039643,"children":null}}},"DecideAction":{"count":1067,"self":0.2633257,"total":0.2633257,"children":null},"AcademyStep":{"count":1067,"self":0.0020208,"total":0.0020208,"children":null},"AgentAct":{"count":1067,"self":0.0118335,"total":0.0118335,"children":null}}}